<?xml version="1.0" encoding="UTF-8"?><rss version="2.0"
	xmlns:content="http://purl.org/rss/1.0/modules/content/"
	xmlns:wfw="http://wellformedweb.org/CommentAPI/"
	xmlns:dc="http://purl.org/dc/elements/1.1/"
	xmlns:atom="http://www.w3.org/2005/Atom"
	xmlns:sy="http://purl.org/rss/1.0/modules/syndication/"
	xmlns:slash="http://purl.org/rss/1.0/modules/slash/"
	>

<channel>
	<title>Elegant &#8211; w5g1</title>
	<atom:link href="/categoria-prodotto/clothing/elegant/feed/" rel="self" type="application/rss+xml" />
	<link>/</link>
	<description></description>
	<lastBuildDate>Mon, 20 Mar 2023 15:14:43 +0000</lastBuildDate>
	<language>it-IT</language>
	<sy:updatePeriod>
	hourly	</sy:updatePeriod>
	<sy:updateFrequency>
	1	</sy:updateFrequency>
	<generator>https://wordpress.org/?v=6.1.1</generator>
	<item>
		<title>Abito da ballo con spalle scoperte e cintura</title>
		<link>/prodotto/hoodie-with-logo-2/</link>
					<comments>/prodotto/hoodie-with-logo-2/#respond</comments>
		
		<dc:creator><![CDATA[Chiara]]></dc:creator>
		<pubDate>Mon, 20 Mar 2023 13:32:22 +0000</pubDate>
				<guid isPermaLink="false">/prodotto/hoodie-with-logo-2/</guid>

					<description><![CDATA[<div class="product-intro__description-table-item" tabindex="0" role="text">
<div class="key">Colore: Viola</div>
</div>
<div class="product-intro__description-table-item" tabindex="0" role="text">
<div class="key">Stile: Festa</div>
<div class="key">Tipo di motivo: Colore unico</div>
</div>
<div class="product-intro__description-table-item" tabindex="0" role="text">
<div class="key">Dettaglio: Cintura, Plissettato, Strass, Cerniera, Fessura alta</div>
</div>
<div class="product-intro__description-table-item" tabindex="0" role="text">
<div class="key">Tipo: A linea</div>
</div>
<div class="product-intro__description-table-item" tabindex="0" role="text">
<div class="key">Scollatura: Spalle scoperte</div>
</div>
<div class="product-intro__description-table-item" tabindex="0" role="text">
<div class="key">Lunghezza manica: Corte</div>
</div>
<div class="product-intro__description-table-item" tabindex="0" role="text">
<div class="key">Linea vita: Vita alta</div>
</div>
<div class="product-intro__description-table-item" tabindex="0" role="text">
<div class="key">Orlo/ Forma: Aperta</div>
</div>
<div class="product-intro__description-table-item" tabindex="0" role="text">
<div class="key">Lunghezza: Maxi</div>
</div>
<div class="product-intro__description-table-item" tabindex="0" role="text">
<div class="key">Tipo di montaggio: Forma normale</div>
</div>
<div class="product-intro__description-table-item" tabindex="0" role="text">
<div class="key">Tessuto: Non-Elastico</div>
</div>
<div class="product-intro__description-table-item" tabindex="0" role="text">
<div class="key">Tessuto: Raso</div>
</div>
<div class="product-intro__description-table-item" tabindex="0" role="text">
<div class="key">Composizione: 95% Raso, 5% Elastane</div>
</div>
<div class="product-intro__description-table-item" tabindex="0" role="text">
<div class="key">Istruzioni Lavaggio: Lavare a mano (non lavare a secco)</div>
</div>
<div class="product-intro__description-table-item" tabindex="0" role="text">
<div class="key">Cintura: Sì</div>
</div>]]></description>
										<content:encoded><![CDATA[<div class="product-intro__description-table-item" tabindex="0" role="text">
<div class="key">Colore: Viola</div>
</div>
<div class="product-intro__description-table-item" tabindex="0" role="text">
<div class="key">Stile: Festa</div>
<div class="key">Tipo di motivo: Colore unico</div>
</div>
<div class="product-intro__description-table-item" tabindex="0" role="text">
<div class="key">Dettaglio: Cintura, Plissettato, Strass, Cerniera, Fessura alta</div>
</div>
<div class="product-intro__description-table-item" tabindex="0" role="text">
<div class="key">Tipo: A linea</div>
</div>
<div class="product-intro__description-table-item" tabindex="0" role="text">
<div class="key">Scollatura: Spalle scoperte</div>
</div>
<div class="product-intro__description-table-item" tabindex="0" role="text">
<div class="key">Lunghezza manica: Corte</div>
</div>
<div class="product-intro__description-table-item" tabindex="0" role="text">
<div class="key">Linea vita: Vita alta</div>
</div>
<div class="product-intro__description-table-item" tabindex="0" role="text">
<div class="key">Orlo/ Forma: Aperta</div>
</div>
<div class="product-intro__description-table-item" tabindex="0" role="text">
<div class="key">Lunghezza: Maxi</div>
</div>
<div class="product-intro__description-table-item" tabindex="0" role="text">
<div class="key">Tipo di montaggio: Forma normale</div>
</div>
<div class="product-intro__description-table-item" tabindex="0" role="text">
<div class="key">Tessuto: Non-Elastico</div>
</div>
<div class="product-intro__description-table-item" tabindex="0" role="text">
<div class="key">Tessuto: Raso</div>
</div>
<div class="product-intro__description-table-item" tabindex="0" role="text">
<div class="key">Composizione: 95% Raso, 5% Elastane</div>
</div>
<div class="product-intro__description-table-item" tabindex="0" role="text">
<div class="key">Istruzioni Lavaggio: Lavare a mano (non lavare a secco)</div>
</div>
<div class="product-intro__description-table-item" tabindex="0" role="text">
<div class="key">Cintura: Sì</div>
</div>
]]></content:encoded>
					
					<wfw:commentRss>/prodotto/hoodie-with-logo-2/feed/</wfw:commentRss>
			<slash:comments>0</slash:comments>
		
		
			</item>
	</channel>
</rss>
